{
  "932255513893290024:kms": {
    "count": 54,
    "last_used": 1759746950.361964
  },
  "932255513893290024:nigga": {
    "count": 6,
    "last_used": 1759773923.1245596
  },
  "932255513893290024:goldy": {
    "count": 2,
    "last_used": 1758801175.270603
  },
  "1416678398457155648:kms": {
    "count": 14,
    "last_used": 1759812924.4350133
  },
  "1416678398457155648:ori": {
    "count": 2,
    "last_used": 1758821701.7867377
  },
  "932255513893290024:duck": {
    "count": 2,
    "last_used": 1759763242.1447449
  }
}